source_folder,official_set_id,official_set_name,series,release_date,status,mapping_check
151,sv3pt5,151,Scarlet & Violet,2023/09/22,matched,official_data_available
ancient-origins,xy7,Ancient Origins,XY,2015/08/12,matched,official_data_available
aquapolis,ecard2,Aquapolis,E-Card,2003/01/15,matched,official_data_available
arceus,pl4,Arceus,Platinum,2009/11/04,matched,official_data_available
astral-radiance,swsh10,Astral Radiance,Sword & Shield,2022/05/27,matched,official_data_available
base-set,,,,,no_match,needs_mapping
base-set-2,base4,Base Set 2,Base,2000/02/24,matched,official_data_available
battle-styles,swsh5,Battle Styles,Sword & Shield,2021/03/19,matched,official_data_available
best-of-game,bp,Best of Game,Other,2002/12/01,matched,official_data_available
black-bolt,zsv10pt5,Black Bolt,Scarlet & Violet,2025/07/18,matched,official_data_available
black-white,bw1,Black & White,Black & White,2011/04/25,matched,official_data_available
black-white-energy-2011-unnumbered,,,,,no_match,needs_mapping
black-white-promos,,,,,no_match,needs_mapping
black-white-trainer-kit-excadrill,,,,,no_match,needs_mapping
black-white-trainer-kit-zoroark,,,,,no_match,needs_mapping
boundaries-crossed,bw7,Boundaries Crossed,Black & White,2012/11/07,matched,official_data_available
box-topper,,,,,no_match,needs_mapping
breakpoint,xy9,BREAKpoint,XY,2016/02/03,matched,official_data_available
breakthrough,xy8,BREAKthrough,XY,2015/11/04,matched,official_data_available
brilliant-stars,swsh9,Brilliant Stars,Sword & Shield,2022/02/25,matched,official_data_available
burning-shadows,sm3,Burning Shadows,Sun & Moon,2017/08/05,matched,official_data_available
call-of-legends,col1,Call of Legends,HeartGold & SoulSilver,2011/02/09,matched,official_data_available
celebrations,cel25,Celebrations,Sword & Shield,2021/10/08,matched,official_data_available
celestial-storm,sm7,Celestial Storm,Sun & Moon,2018/08/03,matched,official_data_available
champions-path,,,,,no_match,needs_mapping
chilling-reign,swsh6,Chilling Reign,Sword & Shield,2021/06/18,matched,official_data_available
cosmic-eclipse,sm12,Cosmic Eclipse,Sun & Moon,2019/11/01,matched,official_data_available
crimson-invasion,sm4,Crimson Invasion,Sun & Moon,2017/11/03,matched,official_data_available
crown-zenith,swsh12pt5,Crown Zenith,Sword & Shield,2023/01/20,matched,official_data_available
crystal-guardians,ex14,Crystal Guardians,EX,2006/08/01,matched,official_data_available
dark-explorers,bw5,Dark Explorers,Black & White,2012/05/09,matched,official_data_available
darkness-ablaze,swsh3,Darkness Ablaze,Sword & Shield,2020/08/14,matched,official_data_available
delta-species,ex11,Delta Species,EX,2005/10/31,matched,official_data_available
deoxys,ex8,Deoxys,EX,2005/02/01,matched,official_data_available
destined-rivals,sv10,Destined Rivals,Scarlet & Violet,2025/05/30,matched,official_data_available
detective-pikachu,det1,Detective Pikachu,Sun & Moon,2019/04/05,matched,official_data_available
diamond-pearl,dp1,Diamond & Pearl,Diamond & Pearl,2007/05/01,matched,official_data_available
diamond-pearl-promos,,,,,no_match,needs_mapping
diamond-pearl-trainer-kit-lucario,,,,,no_match,needs_mapping
diamond-pearl-trainer-kit-manaphy,,,,,no_match,needs_mapping
double-crisis,dc1,Double Crisis,XY,2015/03/25,matched,official_data_available
dragon,ex3,Dragon,EX,2003/11/24,matched,official_data_available
dragon-frontiers,ex15,Dragon Frontiers,EX,2006/11/01,matched,official_data_available
dragon-majesty,sm75,Dragon Majesty,Sun & Moon,2018/09/07,matched,official_data_available
dragon-vault,dv1,Dragon Vault,Black & White,2012/10/05,matched,official_data_available
dragons-exalted,bw6,Dragons Exalted,Black & White,2012/08/15,matched,official_data_available
emerald,ex9,Emerald,EX,2005/05/01,matched,official_data_available
emerging-powers,bw2,Emerging Powers,Black & White,2011/08/31,matched,official_data_available
evolutions,xy12,Evolutions,XY,2016/11/02,matched,official_data_available
evolving-skies,swsh7,Evolving Skies,Sword & Shield,2021/08/27,matched,official_data_available
ex-trainer-kit-latias,tk1a,EX Trainer Kit Latias,EX,2004/06/01,matched,official_data_available
ex-trainer-kit-latios,tk1b,EX Trainer Kit Latios,EX,2004/06/01,matched,official_data_available
ex-trainer-kit-minun,,,,,no_match,needs_mapping
ex-trainer-kit-plusle,,,,,no_match,needs_mapping
expedition,,,,,no_match,needs_mapping
fates-collide,xy10,Fates Collide,XY,2016/05/02,matched,official_data_available
firered-leafgreen,ex6,FireRed & LeafGreen,EX,2004/09/01,matched,official_data_available
flashfire,xy2,Flashfire,XY,2014/05/07,matched,official_data_available
forbidden-light,sm6,Forbidden Light,Sun & Moon,2018/05/04,matched,official_data_available
fossil,base3,Fossil,Base,1999/10/10,matched,official_data_available
furious-fists,xy3,Furious Fists,XY,2014/08/13,matched,official_data_available
fusion-strike,swsh8,Fusion Strike,Sword & Shield,2021/11/12,matched,official_data_available
generations,g1,Generations,XY,2016/02/22,matched,official_data_available
great-encounters,dp4,Great Encounters,Diamond & Pearl,2008/02/01,matched,official_data_available
guardians-rising,sm2,Guardians Rising,Sun & Moon,2017/05/05,matched,official_data_available
gym-challenge,gym2,Gym Challenge,Gym,2000/10/16,matched,official_data_available
gym-heroes,gym1,Gym Heroes,Gym,2000/08/14,matched,official_data_available
heartgold-soulsilver,hgss1,HeartGold & SoulSilver,HeartGold & SoulSilver,2010/02/10,matched,official_data_available
heartgold-soulsilver-promos,,,,,no_match,needs_mapping
hidden-fates,sm115,Hidden Fates,Sun & Moon,2019/08/23,matched,official_data_available
hidden-legends,ex5,Hidden Legends,EX,2004/06/01,matched,official_data_available
holon-phantoms,ex13,Holon Phantoms,EX,2006/05/01,matched,official_data_available
hs-energy-2010-unnumbered,,,,,no_match,needs_mapping
hs-trainer-kit-gyarados,,,,,no_match,needs_mapping
hs-trainer-kit-raichu,,,,,no_match,needs_mapping
journey-together,sv9,Journey Together,Scarlet & Violet,2025/03/28,matched,official_data_available
jungle,base2,Jungle,Base,1999/06/16,matched,official_data_available
kalos-starter-set,xy0,Kalos Starter Set,XY,2013/11/08,matched,official_data_available
legend-maker,ex12,Legend Maker,EX,2006/02/01,matched,official_data_available
legendary-collection,base6,Legendary Collection,Other,2002/05/24,matched,official_data_available
legendary-treasures,bw11,Legendary Treasures,Black & White,2013/11/06,matched,official_data_available
legends-awakened,dp6,Legends Awakened,Diamond & Pearl,2008/08/01,matched,official_data_available
lost-origin,swsh11,Lost Origin,Sword & Shield,2022/09/09,matched,official_data_available
lost-thunder,sm8,Lost Thunder,Sun & Moon,2018/11/02,matched,official_data_available
majestic-dawn,dp5,Majestic Dawn,Diamond & Pearl,2008/05/01,matched,official_data_available
mcdonalds-collection-2011,,,,,no_match,needs_mapping
mcdonalds-collection-2012,,,,,no_match,needs_mapping
mcdonalds-collection-2016,,,,,no_match,needs_mapping
mcdonalds-collection-2019,,,,,no_match,needs_mapping
mcdonalds-collection-2021,,,,,no_match,needs_mapping
mcdonalds-collection-2022,,,,,no_match,needs_mapping
mcdonalds-match-battle-2023,,,,,no_match,needs_mapping
mee,,,,,no_match,needs_mapping
mega-evolution,me1,Mega Evolution,Mega Evolution,2025/09/26,matched,official_data_available
mega-evolution-promos,,,,,no_match,needs_mapping
miscellaneous,,,,,no_match,needs_mapping
mysterious-treasures,dp2,Mysterious Treasures,Diamond & Pearl,2007/08/01,matched,official_data_available
neo-destiny,neo4,Neo Destiny,Neo,2002/02/28,matched,official_data_available
neo-discovery,neo2,Neo Discovery,Neo,2001/06/01,matched,official_data_available
neo-genesis,neo1,Neo Genesis,Neo,2000/12/16,matched,official_data_available
neo-revelation,neo3,Neo Revelation,Neo,2001/09/21,matched,official_data_available
next-destinies,bw4,Next Destinies,Black & White,2012/02/08,matched,official_data_available
nintendo-black-star-promos,np,Nintendo Black Star Promos,NP,2003/10/01,matched,official_data_available
noble-victories,bw3,Noble Victories,Black & White,2011/11/16,matched,official_data_available
obsidian-flames,sv3,Obsidian Flames,Scarlet & Violet,2023/08/11,matched,official_data_available
paldea-evolved,sv2,Paldea Evolved,Scarlet & Violet,2023/06/09,matched,official_data_available
paldean-fates,sv4pt5,Paldean Fates,Scarlet & Violet,2024/01/26,matched,official_data_available
paradox-rift,sv4,Paradox Rift,Scarlet & Violet,2023/11/03,matched,official_data_available
phantasmal-flames,me2,Phantasmal Flames,Mega Evolution,2025/11/14,matched,official_data_available
phantom-forces,xy4,Phantom Forces,XY,2014/11/05,matched,official_data_available
plasma-blast,bw10,Plasma Blast,Black & White,2013/08/14,matched,official_data_available
plasma-freeze,bw9,Plasma Freeze,Black & White,2013/05/08,matched,official_data_available
plasma-storm,bw8,Plasma Storm,Black & White,2013/02/06,matched,official_data_available
platinum,pl1,Platinum,Platinum,2009/02/11,matched,official_data_available
pokemon-futsal-promos-2020,,,,,no_match,needs_mapping
pokemon-go,,,,,no_match,needs_mapping
pokemon-trading-card-game-classic-blastoise,,,,,no_match,needs_mapping
pokemon-trading-card-game-classic-charizard,,,,,no_match,needs_mapping
pokemon-trading-card-game-classic-venusaur,,,,,no_match,needs_mapping
pop-series-1,pop1,POP Series 1,POP,2004/09/01,matched,official_data_available
pop-series-2,pop2,POP Series 2,POP,2005/08/01,matched,official_data_available
pop-series-3,pop3,POP Series 3,POP,2006/04/01,matched,official_data_available
pop-series-4,pop4,POP Series 4,POP,2006/08/01,matched,official_data_available
pop-series-5,pop5,POP Series 5,POP,2007/03/01,matched,official_data_available
pop-series-6,pop6,POP Series 6,POP,2007/09/01,matched,official_data_available
pop-series-7,pop7,POP Series 7,POP,2008/03/01,matched,official_data_available
pop-series-8,pop8,POP Series 8,POP,2008/09/01,matched,official_data_available
pop-series-9,pop9,POP Series 9,POP,2009/03/01,matched,official_data_available
power-keepers,ex16,Power Keepers,EX,2007/02/02,matched,official_data_available
primal-clash,xy5,Primal Clash,XY,2015/02/04,matched,official_data_available
prismatic-evolutions,sv8pt5,Prismatic Evolutions,Scarlet & Violet,2025/01/17,matched,official_data_available
rebel-clash,swsh2,Rebel Clash,Sword & Shield,2020/05/01,matched,official_data_available
rising-rivals,pl2,Rising Rivals,Platinum,2009/05/16,matched,official_data_available
roaring-skies,xy6,Roaring Skies,XY,2015/05/06,matched,official_data_available
ruby-sapphire,ex1,Ruby & Sapphire,EX,2003/07/01,matched,official_data_available
rumble,,,,,no_match,needs_mapping
sandstorm,ex2,Sandstorm,EX,2003/09/18,matched,official_data_available
scarlet-violet,sv1,Scarlet & Violet,Scarlet & Violet,2023/03/31,matched,official_data_available
scarlet-violet-energy,,,,,no_match,needs_mapping
scarlet-violet-promos,,,,,no_match,needs_mapping
secret-wonders,dp3,Secret Wonders,Diamond & Pearl,2007/11/01,matched,official_data_available
shining-fates,swsh45,Shining Fates,Sword & Shield,2021/02/19,matched,official_data_available
shining-legends,sm35,Shining Legends,Sun & Moon,2017/10/06,matched,official_data_available
shrouded-fable,sv6pt5,Shrouded Fable,Scarlet & Violet,2024/08/02,matched,official_data_available
silver-tempest,swsh12,Silver Tempest,Sword & Shield,2022/11/11,matched,official_data_available
skyridge,ecard3,Skyridge,E-Card,2003/05/12,matched,official_data_available
southern-islands,si1,Southern Islands,Other,2001/07/31,matched,official_data_available
steam-siege,xy11,Steam Siege,XY,2016/08/03,matched,official_data_available
stellar-crown,sv7,Stellar Crown,Scarlet & Violet,2024/09/13,matched,official_data_available
stormfront,dp7,Stormfront,Diamond & Pearl,2008/11/01,matched,official_data_available
sun-moon,sm1,Sun & Moon,Sun & Moon,2017/02/03,matched,official_data_available
sun-moon-energy,,,,,no_match,needs_mapping
sun-moon-energy-team-up,,,,,no_match,needs_mapping
sun-moon-promos,,,,,no_match,needs_mapping
sun-moon-trainer-kit-alolan-raichu,,,,,no_match,needs_mapping
sun-moon-trainer-kit-lycanroc,,,,,no_match,needs_mapping
supreme-victors,pl3,Supreme Victors,Platinum,2009/08/19,matched,official_data_available
surging-sparks,sv8,Surging Sparks,Scarlet & Violet,2024/11/08,matched,official_data_available
sword-shield,swsh1,Sword & Shield,Sword & Shield,2020/02/07,matched,official_data_available
sword-shield-energy,,,,,no_match,needs_mapping
sword-shield-energy-brilliant-stars,,,,,no_match,needs_mapping
sword-shield-promos,,,,,no_match,needs_mapping
team-magma-vs-team-aqua,ex4,Team Magma vs Team Aqua,EX,2004/03/01,matched,official_data_available
team-rocket,base5,Team Rocket,Base,2000/04/24,matched,official_data_available
team-rocket-returns,ex7,Team Rocket Returns,EX,2004/11/01,matched,official_data_available
team-up,sm9,Team Up,Sun & Moon,2019/02/01,matched,official_data_available
temporal-forces,sv5,Temporal Forces,Scarlet & Violet,2024/03/22,matched,official_data_available
triumphant,,,,,no_match,needs_mapping
twilight-masquerade,sv6,Twilight Masquerade,Scarlet & Violet,2024/05/24,matched,official_data_available
ultra-prism,sm5,Ultra Prism,Sun & Moon,2018/02/02,matched,official_data_available
unbroken-bonds,sm10,Unbroken Bonds,Sun & Moon,2019/05/03,matched,official_data_available
undaunted,,,,,no_match,needs_mapping
unified-minds,sm11,Unified Minds,Sun & Moon,2019/08/02,matched,official_data_available
unleashed,,,,,no_match,needs_mapping
unseen-forces,ex10,Unseen Forces,EX,2005/08/01,matched,official_data_available
victory-medals,,,,,no_match,needs_mapping
vivid-voltage,swsh4,Vivid Voltage,Sword & Shield,2020/11/13,matched,official_data_available
white-flare,rsv10pt5,White Flare,Scarlet & Violet,2025/07/18,matched,official_data_available
wizards-black-star-promos,basep,Wizards Black Star Promos,Base,1999/07/01,matched,official_data_available
world-collection,,,,,no_match,needs_mapping
xy,xy1,XY,XY,2014/02/05,matched,official_data_available
xy-energy-2013-unnumbered,,,,,no_match,needs_mapping
xy-promos,,,,,no_match,needs_mapping
xy-trainer-kit-bisharp,,,,,no_match,needs_mapping
xy-trainer-kit-latias,,,,,no_match,needs_mapping
xy-trainer-kit-latios,,,,,no_match,needs_mapping
xy-trainer-kit-noivern,,,,,no_match,needs_mapping
xy-trainer-kit-pikachu-libre,,,,,no_match,needs_mapping
xy-trainer-kit-suicune,,,,,no_match,needs_mapping
xy-trainer-kit-sylveon,,,,,no_match,needs_mapping
xy-trainer-kit-wigglytuff,,,,,no_match,needs_mapping
