source_folder,official_set_id,official_set_name,series,release_date,status,mapping_type
151,sv3pt5,151,Scarlet & Violet,2023/09/22,matched,automatic
ancient-origins,xy7,Ancient Origins,XY,2015/08/12,matched,automatic
aquapolis,ecard2,Aquapolis,E-Card,2003/01/15,matched,automatic
arceus,pl4,Arceus,Platinum,2009/11/04,matched,automatic
astral-radiance,swsh10,Astral Radiance,Sword & Shield,2022/05/27,matched,automatic
base-set,base1,Base,Base,1999/01/09,matched,manual
base-set-2,base4,Base Set 2,Base,2000/02/24,matched,automatic
battle-styles,swsh5,Battle Styles,Sword & Shield,2021/03/19,matched,automatic
best-of-game,bp,Best of Game,Other,2002/12/01,matched,automatic
black-bolt,zsv10pt5,Black Bolt,Scarlet & Violet,2025/07/18,matched,automatic
black-white,bw1,Black & White,Black & White,2011/04/25,matched,manual
black-white-energy-2011-unnumbered,,,,,no_match,
black-white-promos,bwp,BW Black Star Promos,Black & White,2011/03/01,matched,manual
black-white-trainer-kit-excadrill,,,,,no_match,
black-white-trainer-kit-zoroark,,,,,no_match,
boundaries-crossed,bw7,Boundaries Crossed,Black & White,2012/11/07,matched,automatic
box-topper,,,,,no_match,
breakpoint,xy9,BREAKpoint,XY,2016/02/03,matched,automatic
breakthrough,xy8,BREAKthrough,XY,2015/11/04,matched,automatic
brilliant-stars,swsh9,Brilliant Stars,Sword & Shield,2022/02/25,matched,automatic
burning-shadows,sm3,Burning Shadows,Sun & Moon,2017/08/05,matched,automatic
call-of-legends,col1,Call of Legends,HeartGold & SoulSilver,2011/02/09,matched,automatic
celebrations,cel25,Celebrations,Sword & Shield,2021/10/08,matched,automatic
celestial-storm,sm7,Celestial Storm,Sun & Moon,2018/08/03,matched,automatic
champions-path,swsh35,Champion's Path,Sword & Shield,2020/09/25,matched,manual
chilling-reign,swsh6,Chilling Reign,Sword & Shield,2021/06/18,matched,automatic
cosmic-eclipse,sm12,Cosmic Eclipse,Sun & Moon,2019/11/01,matched,automatic
crimson-invasion,sm4,Crimson Invasion,Sun & Moon,2017/11/03,matched,automatic
crown-zenith,swsh12pt5,Crown Zenith,Sword & Shield,2023/01/20,matched,automatic
crystal-guardians,ex14,Crystal Guardians,EX,2006/08/01,matched,automatic
dark-explorers,bw5,Dark Explorers,Black & White,2012/05/09,matched,automatic
darkness-ablaze,swsh3,Darkness Ablaze,Sword & Shield,2020/08/14,matched,automatic
delta-species,ex11,Delta Species,EX,2005/10/31,matched,automatic
deoxys,ex8,Deoxys,EX,2005/02/01,matched,automatic
destined-rivals,sv10,Destined Rivals,Scarlet & Violet,2025/05/30,matched,automatic
detective-pikachu,det1,Detective Pikachu,Sun & Moon,2019/04/05,matched,automatic
diamond-pearl,dp1,Diamond & Pearl,Diamond & Pearl,2007/05/01,matched,manual
diamond-pearl-promos,dpp,DP Black Star Promos,Diamond & Pearl,2007/05/01,matched,manual
diamond-pearl-trainer-kit-lucario,,,,,no_match,
diamond-pearl-trainer-kit-manaphy,,,,,no_match,
double-crisis,dc1,Double Crisis,XY,2015/03/25,matched,automatic
dragon,ex3,Dragon,EX,2003/11/24,matched,automatic
dragon-frontiers,ex15,Dragon Frontiers,EX,2006/11/01,matched,automatic
dragon-majesty,sm75,Dragon Majesty,Sun & Moon,2018/09/07,matched,automatic
dragon-vault,dv1,Dragon Vault,Black & White,2012/10/05,matched,automatic
dragons-exalted,bw6,Dragons Exalted,Black & White,2012/08/15,matched,automatic
emerald,ex9,Emerald,EX,2005/05/01,matched,automatic
emerging-powers,bw2,Emerging Powers,Black & White,2011/08/31,matched,automatic
evolutions,xy12,Evolutions,XY,2016/11/02,matched,automatic
evolving-skies,swsh7,Evolving Skies,Sword & Shield,2021/08/27,matched,automatic
ex-trainer-kit-latias,tk1a,EX Trainer Kit Latias,EX,2004/06/01,matched,automatic
ex-trainer-kit-latios,tk1b,EX Trainer Kit Latios,EX,2004/06/01,matched,automatic
ex-trainer-kit-minun,,,,,no_match,
ex-trainer-kit-plusle,,,,,no_match,
expedition,ecard1,Expedition Base Set,E-Card,2002/09/15,matched,manual
fates-collide,xy10,Fates Collide,XY,2016/05/02,matched,automatic
firered-leafgreen,ex6,FireRed & LeafGreen,EX,2004/09/01,matched,manual
flashfire,xy2,Flashfire,XY,2014/05/07,matched,automatic
forbidden-light,sm6,Forbidden Light,Sun & Moon,2018/05/04,matched,automatic
fossil,base3,Fossil,Base,1999/10/10,matched,automatic
furious-fists,xy3,Furious Fists,XY,2014/08/13,matched,automatic
fusion-strike,swsh8,Fusion Strike,Sword & Shield,2021/11/12,matched,automatic
generations,g1,Generations,XY,2016/02/22,matched,automatic
great-encounters,dp4,Great Encounters,Diamond & Pearl,2008/02/01,matched,automatic
guardians-rising,sm2,Guardians Rising,Sun & Moon,2017/05/05,matched,automatic
gym-challenge,gym2,Gym Challenge,Gym,2000/10/16,matched,automatic
gym-heroes,gym1,Gym Heroes,Gym,2000/08/14,matched,automatic
heartgold-soulsilver,hgss1,HeartGold & SoulSilver,HeartGold & SoulSilver,2010/02/10,matched,manual
heartgold-soulsilver-promos,hsp,HGSS Black Star Promos,HeartGold & SoulSilver,2010/02/10,matched,manual
hidden-fates,sm115,Hidden Fates,Sun & Moon,2019/08/23,matched,automatic
hidden-legends,ex5,Hidden Legends,EX,2004/06/01,matched,automatic
holon-phantoms,ex13,Holon Phantoms,EX,2006/05/01,matched,automatic
hs-energy-2010-unnumbered,,,,,no_match,
hs-trainer-kit-gyarados,,,,,no_match,
hs-trainer-kit-raichu,,,,,no_match,
journey-together,sv9,Journey Together,Scarlet & Violet,2025/03/28,matched,automatic
jungle,base2,Jungle,Base,1999/06/16,matched,automatic
kalos-starter-set,xy0,Kalos Starter Set,XY,2013/11/08,matched,automatic
legend-maker,ex12,Legend Maker,EX,2006/02/01,matched,automatic
legendary-collection,base6,Legendary Collection,Other,2002/05/24,matched,automatic
legendary-treasures,bw11,Legendary Treasures,Black & White,2013/11/06,matched,automatic
legends-awakened,dp6,Legends Awakened,Diamond & Pearl,2008/08/01,matched,automatic
lost-origin,swsh11,Lost Origin,Sword & Shield,2022/09/09,matched,automatic
lost-thunder,sm8,Lost Thunder,Sun & Moon,2018/11/02,matched,automatic
majestic-dawn,dp5,Majestic Dawn,Diamond & Pearl,2008/05/01,matched,automatic
mcdonalds-collection-2011,mcd11,McDonald's Collection 2011,Other,2011/06/17,matched,manual
mcdonalds-collection-2012,mcd12,McDonald's Collection 2012,Other,2012/06/15,matched,manual
mcdonalds-collection-2016,mcd16,McDonald's Collection 2016,Other,2016/08/19,matched,manual
mcdonalds-collection-2019,mcd19,McDonald's Collection 2019,Other,2019/10/15,matched,manual
mcdonalds-collection-2021,mcd21,McDonald's Collection 2021,Other,2021/02/09,matched,manual
mcdonalds-collection-2022,mcd22,McDonald's Collection 2022,Other,2022/08/03,matched,manual
mcdonalds-match-battle-2023,,,,,no_match,
mee,,,,,no_match,
mega-evolution,me1,Mega Evolution,Mega Evolution,2025/09/26,matched,automatic
mega-evolution-promos,me55,30th Celebration,Mega Evolution,2026/09/16,matched,manual
miscellaneous,,,,,no_match,
mysterious-treasures,dp2,Mysterious Treasures,Diamond & Pearl,2007/08/01,matched,automatic
neo-destiny,neo4,Neo Destiny,Neo,2002/02/28,matched,automatic
neo-discovery,neo2,Neo Discovery,Neo,2001/06/01,matched,automatic
neo-genesis,neo1,Neo Genesis,Neo,2000/12/16,matched,automatic
neo-revelation,neo3,Neo Revelation,Neo,2001/09/21,matched,automatic
next-destinies,bw4,Next Destinies,Black & White,2012/02/08,matched,automatic
nintendo-black-star-promos,np,Nintendo Black Star Promos,NP,2003/10/01,matched,automatic
noble-victories,bw3,Noble Victories,Black & White,2011/11/16,matched,automatic
obsidian-flames,sv3,Obsidian Flames,Scarlet & Violet,2023/08/11,matched,automatic
paldea-evolved,sv2,Paldea Evolved,Scarlet & Violet,2023/06/09,matched,automatic
paldean-fates,sv4pt5,Paldean Fates,Scarlet & Violet,2024/01/26,matched,automatic
paradox-rift,sv4,Paradox Rift,Scarlet & Violet,2023/11/03,matched,automatic
phantasmal-flames,me2,Phantasmal Flames,Mega Evolution,2025/11/14,matched,automatic
phantom-forces,xy4,Phantom Forces,XY,2014/11/05,matched,automatic
plasma-blast,bw10,Plasma Blast,Black & White,2013/08/14,matched,automatic
plasma-freeze,bw9,Plasma Freeze,Black & White,2013/05/08,matched,automatic
plasma-storm,bw8,Plasma Storm,Black & White,2013/02/06,matched,automatic
platinum,pl1,Platinum,Platinum,2009/02/11,matched,automatic
pokemon-futsal-promos-2020,fut20,Pokémon Futsal Collection,Other,2020/09/11,matched,manual
pokemon-go,pgo,Pokémon GO,Sword & Shield,2022/07/01,matched,manual
pokemon-trading-card-game-classic-blastoise,,,,,no_match,
pokemon-trading-card-game-classic-charizard,,,,,no_match,
pokemon-trading-card-game-classic-venusaur,,,,,no_match,
pop-series-1,pop1,POP Series 1,POP,2004/09/01,matched,automatic
pop-series-2,pop2,POP Series 2,POP,2005/08/01,matched,automatic
pop-series-3,pop3,POP Series 3,POP,2006/04/01,matched,automatic
pop-series-4,pop4,POP Series 4,POP,2006/08/01,matched,automatic
pop-series-5,pop5,POP Series 5,POP,2007/03/01,matched,automatic
pop-series-6,pop6,POP Series 6,POP,2007/09/01,matched,automatic
pop-series-7,pop7,POP Series 7,POP,2008/03/01,matched,automatic
pop-series-8,pop8,POP Series 8,POP,2008/09/01,matched,automatic
pop-series-9,pop9,POP Series 9,POP,2009/03/01,matched,automatic
power-keepers,ex16,Power Keepers,EX,2007/02/02,matched,automatic
primal-clash,xy5,Primal Clash,XY,2015/02/04,matched,automatic
prismatic-evolutions,sv8pt5,Prismatic Evolutions,Scarlet & Violet,2025/01/17,matched,automatic
rebel-clash,swsh2,Rebel Clash,Sword & Shield,2020/05/01,matched,automatic
rising-rivals,pl2,Rising Rivals,Platinum,2009/05/16,matched,automatic
roaring-skies,xy6,Roaring Skies,XY,2015/05/06,matched,automatic
ruby-sapphire,ex1,Ruby & Sapphire,EX,2003/07/01,matched,manual
rumble,ru1,Pokémon Rumble,Other,2009/12/02,matched,manual
sandstorm,ex2,Sandstorm,EX,2003/09/18,matched,automatic
scarlet-violet,sv1,Scarlet & Violet,Scarlet & Violet,2023/03/31,matched,manual
scarlet-violet-energy,,,,,no_match,
scarlet-violet-promos,svp,Scarlet & Violet Black Star Promos,Scarlet & Violet,2023/01/01,matched,manual
secret-wonders,dp3,Secret Wonders,Diamond & Pearl,2007/11/01,matched,automatic
shining-fates,swsh45,Shining Fates,Sword & Shield,2021/02/19,matched,automatic
shining-legends,sm35,Shining Legends,Sun & Moon,2017/10/06,matched,automatic
shrouded-fable,sv6pt5,Shrouded Fable,Scarlet & Violet,2024/08/02,matched,automatic
silver-tempest,swsh12,Silver Tempest,Sword & Shield,2022/11/11,matched,automatic
skyridge,ecard3,Skyridge,E-Card,2003/05/12,matched,automatic
southern-islands,si1,Southern Islands,Other,2001/07/31,matched,automatic
steam-siege,xy11,Steam Siege,XY,2016/08/03,matched,automatic
stellar-crown,sv7,Stellar Crown,Scarlet & Violet,2024/09/13,matched,automatic
stormfront,dp7,Stormfront,Diamond & Pearl,2008/11/01,matched,automatic
sun-moon,sm1,Sun & Moon,Sun & Moon,2017/02/03,matched,manual
sun-moon-energy,,,,,no_match,
sun-moon-energy-team-up,,,,,no_match,
sun-moon-promos,smp,SM Black Star Promos,Sun & Moon,2017/02/03,matched,manual
sun-moon-trainer-kit-alolan-raichu,,,,,no_match,
sun-moon-trainer-kit-lycanroc,,,,,no_match,
supreme-victors,pl3,Supreme Victors,Platinum,2009/08/19,matched,automatic
surging-sparks,sv8,Surging Sparks,Scarlet & Violet,2024/11/08,matched,automatic
sword-shield,swsh1,Sword & Shield,Sword & Shield,2020/02/07,matched,manual
sword-shield-energy,,,,,no_match,
sword-shield-energy-brilliant-stars,,,,,no_match,
sword-shield-promos,swshp,SWSH Black Star Promos,Sword & Shield,2019/11/15,matched,manual
team-magma-vs-team-aqua,ex4,Team Magma vs Team Aqua,EX,2004/03/01,matched,automatic
team-rocket,base5,Team Rocket,Base,2000/04/24,matched,automatic
team-rocket-returns,ex7,Team Rocket Returns,EX,2004/11/01,matched,automatic
team-up,sm9,Team Up,Sun & Moon,2019/02/01,matched,automatic
temporal-forces,sv5,Temporal Forces,Scarlet & Violet,2024/03/22,matched,automatic
triumphant,hgss4,HS—Triumphant,HeartGold & SoulSilver,2010/11/03,matched,manual
twilight-masquerade,sv6,Twilight Masquerade,Scarlet & Violet,2024/05/24,matched,automatic
ultra-prism,sm5,Ultra Prism,Sun & Moon,2018/02/02,matched,automatic
unbroken-bonds,sm10,Unbroken Bonds,Sun & Moon,2019/05/03,matched,automatic
undaunted,hgss3,HS—Undaunted,HeartGold & SoulSilver,2010/08/18,matched,manual
unified-minds,sm11,Unified Minds,Sun & Moon,2019/08/02,matched,automatic
unleashed,hgss2,HS—Unleashed,HeartGold & SoulSilver,2010/05/12,matched,manual
unseen-forces,ex10,Unseen Forces,EX,2005/08/01,matched,automatic
victory-medals,,,,,no_match,
vivid-voltage,swsh4,Vivid Voltage,Sword & Shield,2020/11/13,matched,automatic
white-flare,rsv10pt5,White Flare,Scarlet & Violet,2025/07/18,matched,automatic
wizards-black-star-promos,basep,Wizards Black Star Promos,Base,1999/07/01,matched,automatic
world-collection,,,,,no_match,
xy,xy1,XY,XY,2014/02/05,matched,automatic
xy-energy-2013-unnumbered,,,,,no_match,
xy-promos,xyp,XY Black Star Promos,XY,2013/10/12,matched,manual
xy-trainer-kit-bisharp,,,,,no_match,
xy-trainer-kit-latias,,,,,no_match,
xy-trainer-kit-latios,,,,,no_match,
xy-trainer-kit-noivern,,,,,no_match,
xy-trainer-kit-pikachu-libre,,,,,no_match,
xy-trainer-kit-suicune,,,,,no_match,
xy-trainer-kit-sylveon,,,,,no_match,
xy-trainer-kit-wigglytuff,,,,,no_match,
