source_folder,suggested_set_id,suggested_set_name,score,card_count,candidate_2_id,candidate_2_name,candidate_2_score,candidate_3_id,candidate_3_name,candidate_3_score
base-set,,,0,0,,,,,,
black-white-energy-2011-unnumbered,,,0,0,,,,,,
black-white-promos,,,0,0,,,,,,
black-white-trainer-kit-excadrill,,,0,0,,,,,,
black-white-trainer-kit-zoroark,,,0,0,,,,,,
box-topper,,,0,0,,,,,,
champions-path,,,0,0,,,,,,
diamond-pearl-promos,,,0,0,,,,,,
diamond-pearl-trainer-kit-lucario,,,0,0,,,,,,
diamond-pearl-trainer-kit-manaphy,,,0,0,,,,,,
ex-trainer-kit-minun,,,0,0,,,,,,
ex-trainer-kit-plusle,,,0,0,,,,,,
expedition,,,0,0,,,,,,
heartgold-soulsilver-promos,,,0,0,,,,,,
hs-energy-2010-unnumbered,,,0,0,,,,,,
hs-trainer-kit-gyarados,,,0,0,,,,,,
hs-trainer-kit-raichu,,,0,0,,,,,,
mcdonalds-collection-2011,,,0,0,,,,,,
mcdonalds-collection-2012,,,0,0,,,,,,
mcdonalds-collection-2016,,,0,0,,,,,,
mcdonalds-collection-2019,,,0,0,,,,,,
mcdonalds-collection-2021,,,0,0,,,,,,
mcdonalds-collection-2022,,,0,0,,,,,,
mcdonalds-match-battle-2023,,,0,0,,,,,,
mee,,,0,0,,,,,,
mega-evolution-promos,,,0,0,,,,,,
miscellaneous,,,0,0,,,,,,
pokemon-futsal-promos-2020,,,0,0,,,,,,
pokemon-go,,,0,0,,,,,,
pokemon-trading-card-game-classic-blastoise,,,0,0,,,,,,
pokemon-trading-card-game-classic-charizard,,,0,0,,,,,,
pokemon-trading-card-game-classic-venusaur,,,0,0,,,,,,
rumble,,,0,0,,,,,,
scarlet-violet-energy,,,0,0,,,,,,
scarlet-violet-promos,,,0,0,,,,,,
sun-moon-energy,,,0,0,,,,,,
sun-moon-energy-team-up,,,0,0,,,,,,
sun-moon-promos,,,0,0,,,,,,
sun-moon-trainer-kit-alolan-raichu,,,0,0,,,,,,
sun-moon-trainer-kit-lycanroc,,,0,0,,,,,,
sword-shield-energy,,,0,0,,,,,,
sword-shield-energy-brilliant-stars,,,0,0,,,,,,
sword-shield-promos,,,0,0,,,,,,
triumphant,,,0,0,,,,,,
undaunted,,,0,0,,,,,,
unleashed,,,0,0,,,,,,
victory-medals,,,0,0,,,,,,
world-collection,,,0,0,,,,,,
xy-energy-2013-unnumbered,,,0,0,,,,,,
xy-promos,,,0,0,,,,,,
xy-trainer-kit-bisharp,,,0,0,,,,,,
xy-trainer-kit-latias,,,0,0,,,,,,
xy-trainer-kit-latios,,,0,0,,,,,,
xy-trainer-kit-noivern,,,0,0,,,,,,
xy-trainer-kit-pikachu-libre,,,0,0,,,,,,
xy-trainer-kit-suicune,,,0,0,,,,,,
xy-trainer-kit-sylveon,,,0,0,,,,,,
xy-trainer-kit-wigglytuff,,,0,0,,,,,,
